,PC1,PC2,PC3
Bloom_Index,-0.43936988233473045,-0.3383792064966243,-0.214464759315791
Rolling_Chlorophyll_Anomaly,-0.22113422074005673,-0.24912557549304953,0.5618770818641754
Rolling_SST_Anomaly,-0.24714093500113904,0.537934463442434,-0.13311919762220967
Surface_Chlorophyll,0.3479395359765052,-0.16389051094929302,0.42386580872212
Sea_Surface_Temperature,-0.4170212918294848,0.028179845731028857,-0.09159034123289019
Dissolved_Oxygen,0.4525661103208504,0.18064848144476742,-0.36573094578394505
pH,0.1518694031342497,-0.3069697122375335,-0.4812099770351901
Total_Nitrogen,0.36750492133529467,-0.3672100493075661,-0.0032372819980552164
Total_Phosphorus,0.19765165216101643,0.49467238816237585,0.25921927012485124
