,PC1,PC2,PC3
Bloom_Index,-0.4221167378981627,-0.3737093429733584,-0.198445841577836
Rolling_Chlorophyll_Anomaly,-0.19035018877032595,-0.27434882280458533,0.5691173228654396
Rolling_SST_Anomaly,-0.29358605744098976,0.507913716899318,-0.11810258476951449
Surface_Chlorophyll,0.36784007014805653,-0.13762817732206037,0.4028608959061564
Sea_Surface_Temperature,-0.41090174271654245,0.0001558853138171612,-0.11927695568653618
Dissolved_Oxygen,0.4303960268132852,0.22763476903311064,-0.3725197986042303
pH,0.16592625372995182,-0.2894084289488977,-0.4848070909147717
Total_Nitrogen,0.398975488348963,-0.34364870889437327,-0.018826711718349584
Total_Phosphorus,0.15261464820501278,0.5044669514926206,0.2684944055469942
